{"cameraMode":{"drawMode":0,"name":"Shaded","section":"Shading Mode"},"sceneLighting":false,"audioPlay":false,"sceneViewState":{"m_AlwaysRefresh":false,"showFog":true,"showSkybox":true,"showFlares":true,"showImageEffects":true,"showParticleSystems":true,"showVisualEffectGraphs":true,"m_FxEnabled":true},"in2DMode":false,"pivot":{"x":-1.3422589302062989,"y":-0.002078533172607422,"z":1.844714879989624},"rotation":{"x":-0.31465548276901247,"y":-0.08129070699214935,"z":0.02704268880188465,"w":-0.9453513026237488},"size":1.9659749269485474,"orthographic":false}