{"cameraMode":{"drawMode":0,"name":"Shaded","section":"Shading Mode"},"sceneLighting":false,"audioPlay":false,"sceneViewState":{"m_AlwaysRefresh":false,"showFog":true,"showSkybox":true,"showFlares":true,"showImageEffects":true,"showParticleSystems":true,"showVisualEffectGraphs":true,"m_FxEnabled":true},"in2DMode":false,"pivot":{"x":4.614917278289795,"y":3.2835617065429689,"z":12.934865951538086},"rotation":{"x":-0.01895214058458805,"y":0.9804644584655762,"z":-0.15451698005199433,"w":-0.12028438597917557},"size":8.230498313903809,"orthographic":false}